date,url
2025-02-12 01:13:00,https://soho.nascom.nasa.gov/data/REPROCESSING/Completed/2025/eit195/20250212/20250212_0113_eit195_1024.jpg
2025-02-12 13:13:00,https://soho.nascom.nasa.gov/data/REPROCESSING/Completed/2025/eit195/20250212/20250212_1313_eit195_1024.jpg
2025-02-13 13:13:00,https://soho.nascom.nasa.gov/data/REPROCESSING/Completed/2025/eit195/20250213/20250213_1313_eit195_1024.jpg
2025-02-14 13:13:00,https://soho.nascom.nasa.gov/data/REPROCESSING/Completed/2025/eit195/20250214/20250214_1313_eit195_1024.jpg
2025-02-15 01:13:00,https://soho.nascom.nasa.gov/data/REPROCESSING/Completed/2025/eit195/20250215/20250215_0113_eit195_1024.jpg
2025-02-15 13:13:00,https://soho.nascom.nasa.gov/data/REPROCESSING/Completed/2025/eit195/20250215/20250215_1313_eit195_1024.jpg
2025-02-16 13:13:00,https://soho.nascom.nasa.gov/data/REPROCESSING/Completed/2025/eit195/20250216/20250216_1313_eit195_1024.jpg
2025-02-17 01:13:00,https://soho.nascom.nasa.gov/data/REPROCESSING/Completed/2025/eit195/20250217/20250217_0113_eit195_1024.jpg
2025-02-19 01:13:00,https://soho.nascom.nasa.gov/data/REPROCESSING/Completed/2025/eit195/20250219/20250219_0113_eit195_1024.jpg
2025-02-20 01:13:00,https://soho.nascom.nasa.gov/data/REPROCESSING/Completed/2025/eit195/20250220/20250220_0113_eit195_1024.jpg
2025-02-20 13:13:00,https://soho.nascom.nasa.gov/data/REPROCESSING/Completed/2025/eit195/20250220/20250220_1313_eit195_1024.jpg
2025-02-22 01:13:00,https://soho.nascom.nasa.gov/data/REPROCESSING/Completed/2025/eit195/20250222/20250222_0113_eit195_1024.jpg
2025-02-22 13:13:00,https://soho.nascom.nasa.gov/data/REPROCESSING/Completed/2025/eit195/20250222/20250222_1313_eit195_1024.jpg
2025-02-23 13:13:00,https://soho.nascom.nasa.gov/data/REPROCESSING/Completed/2025/eit195/20250223/20250223_1313_eit195_1024.jpg
2025-02-24 01:13:00,https://soho.nascom.nasa.gov/data/REPROCESSING/Completed/2025/eit195/20250224/20250224_0113_eit195_1024.jpg
2025-02-24 13:13:00,https://soho.nascom.nasa.gov/data/REPROCESSING/Completed/2025/eit195/20250224/20250224_1313_eit195_1024.jpg
2025-03-13 01:13:00,https://soho.nascom.nasa.gov/data/REPROCESSING/Completed/2025/eit195/20250313/20250313_0113_eit195_1024.jpg
2025-03-15 01:13:00,https://soho.nascom.nasa.gov/data/REPROCESSING/Completed/2025/eit195/20250315/20250315_0113_eit195_1024.jpg
2025-03-16 13:13:00,https://soho.nascom.nasa.gov/data/REPROCESSING/Completed/2025/eit195/20250316/20250316_1313_eit195_1024.jpg
2025-03-17 01:13:00,https://soho.nascom.nasa.gov/data/REPROCESSING/Completed/2025/eit195/20250317/20250317_0113_eit195_1024.jpg
2025-03-18 01:13:00,https://soho.nascom.nasa.gov/data/REPROCESSING/Completed/2025/eit195/20250318/20250318_0113_eit195_1024.jpg
