date,url,entropy,mean_intensity,standard_deviation,skewness,kurtosis,relative_smoothness,uniformity,fractal_dimension,taruma_contrast,taruma_directionality,taruma_coarseness,taruma_linelikeness,taruma_regularity,taruma_roughness
2025-02-12 01:19:00,https://soho.nascom.nasa.gov/data/REPROCESSING/Completed/2025/eit304/20250212/20250212_0119_eit304_1024.jpg,3.4672696267141205,7.118202209472656,13.970686999536513,7.363589743932997,99.43878520628314,0.9949026429068574,0.2530187107913662,1.5875353648600543,61.80826787949935,0.9947449679870376,26.963605403900146,0.9758477111542858,18.919550361075647,0.34676896437124355
2025-02-12 13:19:00,https://soho.nascom.nasa.gov/data/REPROCESSING/Completed/2025/eit304/20250212/20250212_1319_eit304_1024.jpg,3.465259912111201,7.270322799682617,14.421570545793948,7.0497665925851605,90.07908835112389,0.9952148919531215,0.2575845491464861,1.5794945337971893,67.51015761190207,0.9948507741917256,27.020164966583252,0.9660794783167226,18.796664222114916,0.344539699259483
2025-02-13 13:19:00,https://soho.nascom.nasa.gov/data/REPROCESSING/Completed/2025/eit304/20250213/20250213_1319_eit304_1024.jpg,3.45878952113818,7.586159706115723,14.874373283370133,6.627251074192682,80.92533503166936,0.9955005013007527,0.2657277242742566,1.5481363006215016,73.76599858866078,0.9949849350590538,27.59469699859619,0.9452371451514826,19.177447317295215,0.33978441183155206
2025-02-14 13:19:00,https://soho.nascom.nasa.gov/data/REPROCESSING/Completed/2025/eit304/20250214/20250214_1319_eit304_1024.jpg,4.090667138089298,8.787470817565918,15.341453434268388,6.128619360605365,70.23451863967841,0.9957691691426785,0.15002787202502077,1.6628250543516692,81.30090122916718,0.9905861525902229,32.64121723175049,1.2165523255051245,24.10572555622074,0.39091400104213997
2025-02-15 01:19:00,https://soho.nascom.nasa.gov/data/REPROCESSING/Completed/2025/eit304/20250215/20250215_0119_eit304_1024.jpg,3.401845374795544,7.801155090332031,15.491158703075184,6.288789996827013,72.10577638367168,0.995850209114395,0.28505418897475465,1.5177577062763363,82.35221638893185,0.9955508562146006,27.71711778640747,0.9042836632499851,20.15674166316359,0.3295154373451326
2025-02-15 13:19:00,https://soho.nascom.nasa.gov/data/REPROCESSING/Completed/2025/eit304/20250215/20250215_1319_eit304_1024.jpg,3.4246480317026426,8.063737869262695,15.646245753017924,6.143203814786242,69.47098960760255,0.99593173460701,0.28199805540862144,1.487967470320434,84.79483967160631,0.9955339532642854,28.588557243347168,0.9067314373069766,19.907288293982862,0.33007631869726073
2025-02-16 13:19:00,https://soho.nascom.nasa.gov/data/REPROCESSING/Completed/2025/eit304/20250216/20250216_1319_eit304_1024.jpg,3.402104133471788,8.118401527404785,15.80939254368174,6.041450958668815,67.00097249734985,0.9960149343142096,0.2886608329044975,1.4765310871349258,87.3594898940403,0.9956314724781786,28.635694980621338,0.8932812178908193,20.19242587542049,0.3262214351850229
2025-02-17 01:19:00,https://soho.nascom.nasa.gov/data/REPROCESSING/Completed/2025/eit304/20250217/20250217_0119_eit304_1024.jpg,3.393414665054474,8.149208068847656,15.713210948266742,6.008817820457545,66.9600439865196,0.9959661967010008,0.28994214889280556,1.4624328325946394,86.31294782944218,0.9957177394824896,28.8343563079834,0.8903265338969927,20.06714076883276,0.32574004651517663
2025-02-20 13:19:00,https://soho.nascom.nasa.gov/data/REPROCESSING/Completed/2025/eit304/20250220/20250220_1319_eit304_1024.jpg,3.4160832505333474,7.884870529174805,15.243159881343644,6.307789233196844,74.99632388722988,0.9957146638615577,0.2814888924931438,1.5042531731409214,78.95688671783344,0.9954790640064884,28.363641262054443,0.9099961899674364,20.355800130237217,0.3300973555640907
2025-02-22 01:19:00,https://soho.nascom.nasa.gov/data/REPROCESSING/Completed/2025/eit304/20250222/20250222_0119_eit304_1024.jpg,3.509581332162876,7.847751617431641,15.547341511972952,6.4696027275969605,74.76482729571678,0.995880023449796,0.2618348536743724,1.5560602297665929,82.20305218113266,0.9950259156339913,28.09432315826416,0.9530696886861146,20.337064280079872,0.3394445022925896
2025-02-23 13:19:00,https://soho.nascom.nasa.gov/data/REPROCESSING/Completed/2025/eit304/20250223/20250223_1319_eit304_1024.jpg,3.5737718686569497,8.010772705078125,16.205664390623593,6.160449749795131,65.9713618221163,0.9962067123048824,0.25365498780229245,1.5827808093703832,92.14988956728992,0.9947082414546097,27.860717296600342,0.9734730952763782,20.449738431572587,0.34346483553520335
2025-02-24 01:19:00,https://soho.nascom.nasa.gov/data/REPROCESSING/Completed/2025/eit304/20250224/20250224_0119_eit304_1024.jpg,2.8514703647480792,12.930937767028809,14.747016143293946,7.825571889301247,92.89759704820302,0.9954228064691292,0.3831680069306458,1.1577574365331533,70.04984702845528,0.9698433278761454,47.338292598724365,0.8005346652396849,20.165543841345087,0.31511126487542984
2025-02-24 13:19:00,https://soho.nascom.nasa.gov/data/REPROCESSING/Completed/2025/eit304/20250224/20250224_1319_eit304_1024.jpg,3.564641425145907,7.919633865356445,16.35975530073658,6.1936901995511855,65.78799977724118,0.9962775682388882,0.2557576532217354,1.597966816353882,93.97599580822538,0.9947540467003496,27.26823663711548,0.9726793640869735,20.38726558796786,0.3431486663993682
2025-03-13 01:19:00,https://soho.nascom.nasa.gov/data/REPROCESSING/Completed/2025/eit304/20250313/20250313_0119_eit304_1024.jpg,3.6094445694240527,9.124253273010254,17.1912686232935,5.251968383623672,50.17222487290861,0.9966277704365294,0.2571641673821432,1.5066320713065116,111.04525683434211,0.994974883641625,30.732152462005615,0.9536684299129268,21.965094898829996,0.33738273053088147
2025-03-15 01:19:00,https://soho.nascom.nasa.gov/data/REPROCESSING/Completed/2025/eit304/20250315/20250315_0119_eit304_1024.jpg,3.578047381679462,9.487068176269531,17.86131078939127,5.047426436326025,45.668405397082424,0.9968752580169296,0.26644391429726966,1.4685579776344297,122.722075840081,0.9952324568227092,31.251992225646973,0.9339091929700554,22.14220167545489,0.3331696746300939
2025-03-15 13:19:00,https://soho.nascom.nasa.gov/data/REPROCESSING/Completed/2025/eit304/20250315/20250315_1319_eit304_1024.jpg,3.5471551927234546,9.400014877319336,17.748808037931923,5.101611429943248,46.84951360348683,0.9968356451838434,0.2722518687187403,1.4583558516225956,120.40987708375937,0.9953723666746692,31.04274845123291,0.9246926710277403,21.685710946762576,0.330977337378424
2025-03-16 13:19:00,https://soho.nascom.nasa.gov/data/REPROCESSING/Completed/2025/eit304/20250316/20250316_1319_eit304_1024.jpg,3.502865479629306,9.439599990844727,17.923512088887342,5.036503613154189,45.734983201696906,0.9968968412492821,0.2834085949471046,1.440570226927603,123.53331483517128,0.99558293208824,30.870145320892334,0.9020500728689159,21.959896030285407,0.32570209649780585
2025-03-17 01:19:00,https://soho.nascom.nasa.gov/data/REPROCESSING/Completed/2025/eit304/20250317/20250317_0119_eit304_1024.jpg,3.490897453220537,9.434014320373535,17.721771369751927,4.9588884455144315,45.14679394686571,0.9968260132890034,0.2856488077886752,1.4234159984016088,121.15951608371927,0.9955752775684953,30.937003135681152,0.8964521648999112,21.745702812227638,0.3250298239631992
2025-03-18 01:19:00,https://soho.nascom.nasa.gov/data/REPROCESSING/Completed/2025/eit304/20250318/20250318_0119_eit304_1024.jpg,3.48295195989049,9.445059776306152,18.187143353734964,4.930247968402574,43.47023914698891,0.9969858835365747,0.29118655827733164,1.4458360399700358,128.81931119150855,0.9957199145266536,30.431078910827637,0.8874984457261182,22.57391068855775,0.3217865086345345
